id;email;password
1;mflores@mail.com;1234
2;stantonp@mail.com;1234
3;kfrancis@mail.com;1234
4;lhansen@mail.com;1234
5;jmaccall@mail.com;1234
6;neallin@mail.com;1234
7;c.valdes@mail.com;1234
8;cbracy@mail.com;1234
9;dmolloy@mail.com;1234
10;ghow@mail.com;1234
11;mleblanc@mail.com;1234
12;renaldor@mail.com;1234
13;hectorh@mail.com;1234
14;darinh@mail.com;1234
15;dreese@mail.com;1234
16;adinad@mail.com;1234
17;dakotab@mail.com;1234
18;laurier@mail.com;1234
19;egoll@mail.com;1234
20;ehowe@mail.com;1234
21;tomfoster@mail.com;1234
22;benny@mail.com;1234
23;ow.combs@mail.com;1234
24;bfrazier@mail.com;1234
25;elvaf@mail.com;1234
26;elsacobb@mail.com;1234
27;jspence@mail.com;1234
28;zofia.m@mail.com;1234
29;robin.s@mail.com;1234
30;carlene@mail.com;1234
31;razapata@uc.cl;1234