id;nombre;apellido;genero;pais;email;telefono;saldo
1;Matias;Flores;masculino;argentina;mflores@mail.com;93942575;641
2;Stanton;Peterson;masculino;belgica;stantonp@mail.com;84139202;1602
3;Kasie;Francis;femenino;canada;kfrancis@mail.com;88264701;3262
4;Lean;Hansen;masculino;guatemala;lhansen@mail.com;97798827;1347
5;Judi;Mccall;femenino;chile;jmaccall@mail.com;87457111;121
6;Neal;Lin;masculino;china;neallin@mail.com;88921179;5675
7;Catalina;Valdes;femenino;espana;c.valdes@mail.com;90888215;7118
8;Camille;Bracy;femenino;francia;cbracy@mail.com;94884942;2050
9;Daine;Molloy;femenino;india;dmolloy@mail.com;81671688;1977
10;Giuseppe;Howard;masculino;italia;ghow@mail.com;83950588;632
11;Molly;Leblanc;femenino;japon;mleblanc@mail.com;86252570;889
12;Renaldo;Reyes;masculino;mexico;renaldor@mail.com;86490516;4265
13;Hector;Hoffman;masculino;nicaragua;hectorh@mail.com;83512916;3912
14;Darin;Higgins;femenino;polonia;darinh@mail.com;80273980;9042
15;Daniela;Reese;femenino;paraguay;dreese@mail.com;91985705;76
16;Adina;Dean;femenino;portugal;adinad@mail.com;81569439;350
17;Dakota;Bryant;femenino;suiza;dakotab@mail.com;82519122;5044
18;Laurie;Rowland;femenino;suecia;laurier@mail.com;98582780;126
19;Eldon;Goll;masculino;tailandia;egoll@mail.com;86652695;6893
20;Ellena;Howe;femenino;turquia;ehowe@mail.com;97934957;536
21;Tomas;Foster;masculino;venezuela;tomfoster@mail.com;89228093;5037
22;Benny;Ayers;masculino;rusia;benny@mail.com;96057905;2295
23;Oswaldo;Combs;masculino;noruega;ow.combs@mail.com;90493667;2301
24;Bobbi;Frazier;masculino;irlanda;bfrazier@mail.com;83416782;195
25;Elva;Faulkner;femenino;inglaterra;elvaf@mail.com;86618458;6277
26;Elsa;Cobb;femenino;honduras;elsacobb@mail.com;90751172;468
27;Jeffrey;Spence;masculino;grecia;jspence@mail.com;84972610;767
28;Zofia;Mccarty;femenino;finlandia;zofia.m@mail.com;85483754;4339
29;Robin;Smith;masculino;australia;robin.s@mail.com;96218106;998
30;Carlene;Arellano;femenino;cuba;carlene@mail.com;94412696;2680